{"mean":{"confidence_interval":{"confidence_level":0.95,"lower_bound":3749.5055872769876,"upper_bound":3783.2703655553905},"point_estimate":3766.093336327674,"standard_error":8.62768938917972},"median":{"confidence_interval":{"confidence_level":0.95,"lower_bound":3687.4672404811445,"upper_bound":3708.700114153784},"point_estimate":3701.2006430041156,"standard_error":5.369535376928546},"median_abs_dev":{"confidence_interval":{"confidence_level":0.95,"lower_bound":131.0000245768982,"upper_bound":152.13343559996954},"point_estimate":140.6084981812978,"standard_error":5.395688484573446},"slope":{"confidence_interval":{"confidence_level":0.95,"lower_bound":3761.8699879889255,"upper_bound":3804.7796413016404},"point_estimate":3782.5656139118564,"standard_error":10.943849648456766},"std_dev":{"confidence_interval":{"confidence_level":0.95,"lower_bound":241.7583629895955,"upper_bound":304.36230650338575},"point_estimate":273.6771366722231,"standard_error":16.004559834945667}}